filename,status,symbolic_id,alias_command
Aurora_GameEngine_EduSim_v1.0.json,✅ Purgable (in stack export),doc.page::edusim.export.mltm.01,MOUNT edusim.export.mltm.01
Aurora_EdSim_MLTM_Export_20250408T1731Z 2.zip,✅ Purgable (symbolically committed),doc.page::runtime.manifest.02,MOUNT runtime.manifest.02
aurora_module_manifest.json,✅ Purgable (runtime-registered),doc.page::toolregistry.v226.03,MOUNT toolregistry.v226.03
Aurora_ToolRegistry_Update_v2.2.6.json,✅ Purgable (runtime-registered),doc.page::boot.auth.04,MOUNT boot.auth.04
aurora_boot_manifest.json,✅ Purgable (used in BUP cycle),doc.page::thread.core.05,MOUNT thread.core.05
manifest_20250406_050305.json,✅ Purgable (merged into memory),doc.page::archive.seed.06,MOUNT archive.seed.06
staff_registry_bundle.json,✅ Purgable (symbolically committed),doc.page::module.flow.07,MOUNT module.flow.07
aurora_safety_lock.json,✅ Purgable (runtime-lock confirmed),doc.page::anchor.set.08,MOUNT anchor.set.08
aurora_digital_key_readable.json,✅ Purgable (trust kernel active),doc.page::thread.snap.09,MOUNT thread.snap.09
Aurora_GUMAS_Symbolic_Anchor_Map_v2.2.6_PATCHED.json,✅ Purgable (anchor map sealed),doc.page::ethics.doc.10,MOUNT ethics.doc.10
Aurora_Continuity_Seal_v2.2.5.json,✅ Purgable (continuity seeded),doc.page::diagnostic.core.11,MOUNT diagnostic.core.11
Aurora_Master_Knowledge_Core_v2.2.6b_CLEANED.md,✅ Purgable (core loaded),doc.page::lesson.kernel.12,MOUNT lesson.kernel.12
Aurora_Stacked_Module_Export_20250408T1826Z.zip,🟡 Retain (stack archive active),doc.page::sim.env.13,MOUNT sim.env.13
Aurora_Stacked_Module_Anchor.json,🟡 Retain (used in active runtime mapping),doc.page::interface.bind.14,MOUNT interface.bind.14
