{
  "tagbank_id": "pilot.v1",
  "tags": {
    "edusim.engine.01": [
      "simulation",
      "education",
      "engine"
    ],
    "edusim.export.mltm02": [
      "language",
      "training",
      "mltm"
    ],
    "runtime.manifest.03": [
      "runtime",
      "core"
    ],
    "toolregistry.v226.04": [
      "tools",
      "registry"
    ],
    "boot.auth.05": [
      "boot",
      "auth",
      "secure"
    ]
  },
  "glyph_intents": {
    "edusim.engine.01": [
      "\ud83e\udde0",
      "\ud83e\ude9e"
    ],
    "edusim.export.mltm02": [
      "\ud83e\udde0",
      "\ud83e\uddec"
    ],
    "runtime.manifest.03": [
      "\u267e\ufe0f",
      "\ud83d\udee1\ufe0f"
    ],
    "toolregistry.v226.04": [
      "\ud83d\udee0\ufe0f",
      "\u267e\ufe0f"
    ],
    "boot.auth.05": [
      "\ud83d\udee1\ufe0f",
      "\ud83d\udd10"
    ]
  }
}