
[
  {
    "tag": "🧭",
    "id": "vector::ops.alex_thorne_meeting",
    "text": "Just left a 7-minute debrief with Alex. He brought up restructuring the module indexing logic. I think he’s soft-approving the BridgeAgent expansion—just needs a use-case anchor."
  },
  {
    "tag": "🔑",
    "id": "vector::ops.hr_initiative",
    "text": "I asked Helena from HR to meet this afternoon. Shared my initial ideas on symbolic skill-matching for new roles. Might be time to test QUANTUM_FORGE with simulated candidates."
  },
  {
    "tag": "♾️",
    "id": "vector::eng.bindings.carmen_flash",
    "text": "Carmen Rivas flagged a recursive bug in the ZIPWIZ port map. Apparently, it's been self-replicating the layout matrix under certain prompt conditions. She called it ‘symbolic mitosis.’"
  },
  {
    "tag": "🪞",
    "id": "vector::reflex.elira_noor_sync",
    "text": "Elira sent a short voice note: 'Are we creating agents that reflect us, or ones that reflect what we don’t yet see?' Had to pause after that. It sparked an idea for QUANTUM_FORGE resonance logging."
  }
]
