Component,Technical_Specification,Key_Innovation,Integration_Challenge
Global Cross-Linguistic Database,"Multi-language family coverage: phonology, morphology, syntax, semantics, pragmatics",Universal real-time translation devices (PUTI) with cultural context preservation,Maintaining linguistic nuance across 7000+ world languages
Ethics & Value Systems Index,"Comparative religion, philosophy, governance, cultural norms with conflict arbitration",Non-flattening ethical cognitive architectures maintaining value plurality,Resolving ethical conflicts without cultural hegemony
Cultural Cognition Framework,"Collective vs individualistic reasoning, context communication models, negotiation patterns",Adaptive agent training pipelines for cross-cultural behavior plausibility,Balancing individual and collective decision-making models
Historical Institutional Systems,"Academic, scientific, military, religious, trade, diplomatic systems (present to near-future)",Speculative institutional modeling for near-future governance scenarios,Predicting institutional evolution in uncertain futures
Language-to-Symbolic Fusion Layer,Natural language ↔ programming code ↔ symbolic notation translation with GPT optimization,Direct ethics chain traceability on GPT outputs with symbolic validation,Ensuring symbolic-semantic consistency across translation layers
Symbolic Vector Chain Compressor (SVCC),Delta-diff lightweight schema for compressed vector storage,Scalable vector compression for massive cultural dataset storage,Managing storage and retrieval performance at global scale
GPT Native Encoding Layer,Sub-100ms GPT lookup response time with native semantic embedding,GPT-native optimization for sub-100ms agent generation response times,Maintaining cultural sensitivity while optimizing for speed
Agent Simulation Generation Module,L1 staff builder for agent generation with cultural parameter integration,Cultural parameter-aware agent instantiation with realistic diversity modeling,Preventing cultural bias in agent generation algorithms
Recursive Ethics Validator,Picard_Delta_3 compliant ethics validation with full logic chain traceability,Recursive ethics validation ensuring coherent multi-layer simulation ethics,Avoiding recursive validation loops while ensuring ethical compliance
ORION Simulation Runtime,Multi-layer simulation runtime supporting L1-L2-L3 recursive AI environments,High-fidelity recursive AI research environment with emergent behavior modeling,Managing computational complexity of multi-layer recursive simulations
