Risk_Category,Probability,Impact,Mitigation_Strategy,Priority
Cultural Bias Introduction,Medium,Very High,"Multi-cultural expert validation, bias detection algorithms",Critical
Computational Complexity,High,High,"Distributed computing, optimized vector compression",High
Linguistic Accuracy,Medium,High,"Native speaker validation, continuous linguistic updates",High
Ethical Validation Loops,High,Very High,"Circuit breaker patterns, validation depth limits",Critical
Scalability Bottlenecks,High,High,"Horizontal scaling, caching strategies, load balancing",High
Real-time Performance,Medium,Medium,"GPT-native optimization, parallel processing pipelines",Medium
System Integration,High,High,"Modular architecture, API standardization, incremental deployment",High
Data Quality,Medium,High,"Crowdsourced validation, academic partnerships, quality metrics",Medium
Cultural Representation,High,Very High,"Global cultural advisory board, representative sampling",Critical
Validation Accuracy,Medium,High,"Multi-layer validation, expert review protocols",High
