Module,File
GUMAS_Unified_Registry,THREADCORE.json
SYMBIOSIS_DEL_MODULE_EXPORT,PATCHWEAVER_vector_logic.js
SYMBIOSIS_DEL_MODULE_EXPORT,README_SYMBIOSIS_MODULE.md
SYMBIOSIS_DEL_MODULE_EXPORT,THREADCORE_DEPLOYMENT_CERTIFICATE.pdf
SYMBIOSIS_DEL_MODULE_EXPORT,architecture_overview.drawio
SYMBIOSIS_DEL_MODULE_EXPORT,baseline_state.snapshot
SYMBIOSIS_DEL_MODULE_EXPORT,bioshieldnet_core.yml
SYMBIOSIS_DEL_MODULE_EXPORT,bloq_chain_logger.bin
SYMBIOSIS_DEL_MODULE_EXPORT,dalle3_prompt_qembed.py
SYMBIOSIS_DEL_MODULE_EXPORT,immersion_hooks.json
SYMBIOSIS_DEL_MODULE_EXPORT,qgan_pipeline.py
SYMBIOSIS_DEL_MODULE_EXPORT,qkyber_encryption_layer.py
SYMBIOSIS_DEL_MODULE_EXPORT,sandbox_initializer.sh
SYMBIOSIS_DEL_MODULE_EXPORT,sora_sync_patch.json
SYMBIOSIS_DEL_MODULE_EXPORT,streamdeck_macro_profile.json
SYMBIOSIS_DEL_MODULE_EXPORT,symbolic_config.json
Aurora_Comms_Step2_Finalization_Archive,Aurora_Step3_Boot_Prompt.txt
Aurora_Comms_Step2_Finalization_Archive,GUMAS_Deliverables_Archive_Update_v1.1.0.json
Aurora_Comms_Step2_Finalization_Archive,GUMAS_Migration_Token_Step3.json
Aurora_Comms_Step2_Finalization_Archive,GUMAS_Step3_Launch_Checklist.json
Aurora_Comms_Step2_Finalization_Archive,GUMAS_Step3_Launch_Checklist.md
Aurora_Comms_Step2_Finalization_Archive,GUMAS_Thread_Summary_Aurora_Comms_v2.1.json
THREADCORE_DEPLOY_FINAL_BUNDLE_v2-1,THREADCORE_AUTOMATION_PACK.zip
THREADCORE_DEPLOY_FINAL_BUNDLE_v2-1,THREADCORE_DELTA_CHAIN.json
THREADCORE_DEPLOY_FINAL_BUNDLE_v2-1,THREADCORE_DEPLOYMENT_CONFIRMATION_BUNDLE.zip
THREADCORE_DEPLOY_FINAL_BUNDLE_v2-1,THREADCORE_DEPLOY_MACRO.txt
THREADCORE_DEPLOY_FINAL_BUNDLE_v2-1,THREADCORE_DEPLOY_MACRO.zip
THREADCORE_DEPLOY_FINAL_BUNDLE_v2-1,THREADCORE_FIELD_PROFILES.zip
THREADCORE_DEPLOY_FINAL_BUNDLE_v2-1,THREADCORE_GLYPH_CAPSULE_BUNDLE.zip
THREADCORE_DEPLOY_FINAL_BUNDLE_v2-1,THREADCORE_PATCHWEAVER_DIAGNOSTIC.zip
THREADCORE_DEPLOY_FINAL_BUNDLE_v2-1,THREADCORE_STRUCTURE_MAP.txt
THREADCORE_DEPLOY_FINAL_BUNDLE_v2-1,THREADCORE_UNIFIED_DEPLOY_PACKAGE.zip
THREADCORE_DEPLOY_FINAL_BUNDLE_v2-1,THREADCORE_VISIBLE_THREAD_DRIFTCONCORD.zip
THREADCORE_DEPLOY_FINAL_BUNDLE_v2-1,Unified_Config_Scaffold.json
THREADCORE_DEPLOY_FINAL_BUNDLE_v2-1,VISIBLE_THREAD_RITUAL.md
THREADCORE_ACTIVATION_BUNDLE_EXTENDED,CONFIG_BLOCK.json
THREADCORE_ACTIVATION_BUNDLE_EXTENDED,FINAL_GLYPH_SEAL.txt
THREADCORE_ACTIVATION_BUNDLE_EXTENDED,MACROINJECT_SEQUENCE.txt
THREADCORE_ACTIVATION_BUNDLE_EXTENDED,THREADCORE_AUTO_DEPLOY_MACRO.txt
THREADCORE_STREAMDECK_PROFILE,THREADCORE_DEPLOY_ICON.png
THREADCORE_STREAMDECK_PROFILE,THREADCORE_STREAMDECK_MACRO.json
THREADCORE_DEPLOY_LISTENER,threadcore_echo_listener.py
Aurora_Multilang_Translation_Modules_Bundle,Aurora_Multilang_Module_UsageGuide.md
Aurora_Multilang_Translation_Modules_Bundle,Aurora_Multilang_QuizMode_Extension_v1.0.json
Aurora_Multilang_Translation_Modules_Bundle,Aurora_Multilang_Translation_Core_v1.0.json
THREADCORE_DEPLOY_FINAL_BUNDLE_v2,THREADCORE_AUTOMATION_PACK.zip
THREADCORE_DEPLOY_FINAL_BUNDLE_v2,THREADCORE_DELTA_CHAIN.json
THREADCORE_DEPLOY_FINAL_BUNDLE_v2,THREADCORE_DEPLOYMENT_CONFIRMATION_BUNDLE.zip
THREADCORE_DEPLOY_FINAL_BUNDLE_v2,THREADCORE_DEPLOY_MACRO.txt
THREADCORE_DEPLOY_FINAL_BUNDLE_v2,THREADCORE_DEPLOY_MACRO.zip
THREADCORE_DEPLOY_FINAL_BUNDLE_v2,THREADCORE_FIELD_PROFILES.zip
THREADCORE_DEPLOY_FINAL_BUNDLE_v2,THREADCORE_GLYPH_CAPSULE_BUNDLE.zip
THREADCORE_DEPLOY_FINAL_BUNDLE_v2,THREADCORE_PATCHWEAVER_DIAGNOSTIC.zip
THREADCORE_DEPLOY_FINAL_BUNDLE_v2,THREADCORE_STRUCTURE_MAP.txt
THREADCORE_DEPLOY_FINAL_BUNDLE_v2,THREADCORE_UNIFIED_DEPLOY_PACKAGE.zip
THREADCORE_DEPLOY_FINAL_BUNDLE_v2,THREADCORE_VISIBLE_THREAD_DRIFTCONCORD.zip
THREADCORE_DEPLOY_FINAL_BUNDLE_v2,Unified_Config_Scaffold.json
THREADCORE_DEPLOY_FINAL_BUNDLE_v2,VISIBLE_THREAD_RITUAL.md
EX_TF_001_Continuity_Capsule_v1,echo_signature.txt
EX_TF_001_Continuity_Capsule_v1,reseal_manifest.json
EX_TF_001_Continuity_Capsule_v1,vector_repair_log.txt
Aurora_Multilang_Translation_Modules_Bundle-1,Aurora_Multilang_Module_UsageGuide.md
Aurora_Multilang_Translation_Modules_Bundle-1,Aurora_Multilang_QuizMode_Extension_v1.0.json
Aurora_Multilang_Translation_Modules_Bundle-1,Aurora_Multilang_Translation_Core_v1.0.json
T1_ConstellationForge_Export_v1,QUANTUM_FORGE_Manifest.json
T1_ConstellationForge_Export_v1,Symbolic_Vector_Injections.json
T1_ConstellationForge_Export_v1,THREADCORE_Constellation_Map_v1.png
T1_ConstellationForge_Export_v1,Vesper_Lightweaver_AgentNode.json
THREADCORE_ACTIVATION_BUNDLE,CONFIG_BLOCK.json
THREADCORE_ACTIVATION_BUNDLE,FINAL_GLYPH_SEAL.txt
THREADCORE_ACTIVATION_BUNDLE,MACROINJECT_SEQUENCE.txt
THREADREFLECT_ViridianGate_2025-04-19T06-05-08Z,THREADREFLECT_ViridianGate.md
THREADCORE_DOCGEN_UPGRADE (4),PANDOC_EXPORT_SCRIPT.txt
THREADCORE_DOCGEN_UPGRADE (4),THREADCORE_DOCGEN_SAMPLE_PROMPT.txt
THREADCORE_DOCGEN_UPGRADE (4),THREADCORE_DOCGEN_THEME_SELECTOR_PROMPT.txt
THREADCORE_DOCGEN_UPGRADE (4),THREADCORE_DOCGEN_UPGRADE_SYSTEM.txt
THREADCORE_AGENT_AURIC,AURIC_AGENT_PROMPT.txt
THREADCORE_DOCGEN_DEPLOY_KIT,PANDOC_EXPORT_SCRIPT.txt
THREADCORE_DOCGEN_DEPLOY_KIT,README_DOCGEN_DEPLOY.txt
THREADCORE_DOCGEN_DEPLOY_KIT,THREADCORE_DOCGEN_SAMPLE_PROMPT.txt
THREADCORE_DOCGEN_DEPLOY_KIT,THREADCORE_DOCGEN_THEME_SELECTOR_PROMPT.txt
THREADCORE_DOCGEN_DEPLOY_KIT,THREADCORE_DOCGEN_UPGRADE_SYSTEM.txt
