[
    {
        "file": "clean_config_file.json",
        "status": "Clean",
        "threat_score": 0,
        "flags": []
    },
    {
        "file": "suspicious_macro_script.vbs",
        "status": "Quarantined",
        "threat_score": 3,
        "flags": [
            "Known signature or malicious execution call",
            "Suspicious scripting pattern (e.g., VBS macro)"
        ]
    },
    {
        "file": "malware_signature.exe",
        "status": "Quarantined",
        "threat_score": 2,
        "flags": [
            "Known signature or malicious execution call"
        ]
    },
    {
        "file": "encoded_payload.b64",
        "status": "Flagged",
        "threat_score": 1,
        "flags": [
            "Base64 encoded PE file signature (malware encoding pattern)"
        ]
    },
    {
        "file": "harmless_notes.txt",
        "status": "Clean",
        "threat_score": 0,
        "flags": []
    }
]